{
  "int_add_1M": {
    "cpython": [
      0.07057581655681133,
      10880
    ],
    "rustpython": [
      0.14128176805873713,
      11008
    ]
  },
  "list_build_500K": {
    "cpython": [
      0.0350374411791563,
      27776
    ],
    "rustpython": [
      0.06200577567021052,
      18176
    ]
  },
  "dict_build_200K": {
    "cpython": [
      0.035287062947948776,
      34464
    ],
    "rustpython": [
      0.1391595546156168,
      55016
    ]
  },
  "str_join_50K": {
    "cpython": [
      0.015464131409923235,
      11136
    ],
    "rustpython": [
      0.01893658439318339,
      10880
    ]
  },
  "loop_2M": {
    "cpython": [
      0.11193286627531052,
      10752
    ],
    "rustpython": [
      0.4201547969132662,
      10880
    ]
  },
  "fib_25": {
    "cpython": [
      0.01563412758211295,
      10752
    ],
    "rustpython": [
      0.16159339559574923,
      10880
    ]
  },
  "list_append_100K": {
    "cpython": [
      0.02060084231197834,
      12160
    ],
    "rustpython": [
      0.04612556844949722,
      11008
    ]
  },
  "list_sum_100K": {
    "cpython": [
      0.014208078384399414,
      12288
    ],
    "rustpython": [
      0.006171391656001409,
      10880
    ]
  },
  "mem_large_list": {
    "cpython": [
      0.04411446116864681,
      47360
    ],
    "rustpython": [
      0.023316755269964535,
      29440
    ]
  },
  "mem_large_dict": {
    "cpython": [
      0.033155337596933045,
      34464
    ],
    "rustpython": [
      0.12559083104133606,
      55268
    ]
  },
  "mem_large_str": {
    "cpython": [
      0.016459207981824875,
      17920
    ],
    "rustpython": [
      0.015587139253815016,
      25344
    ]
  }
}